Type,Cases,Deaths
True Data,1.0,0.0
True Data,1.0,0.0
True Data,2.0,0.0
True Data,2.0,0.0
True Data,2.0,0.0
True Data,4.0,0.0
True Data,4.0,0.0
True Data,4.0,0.0
True Data,4.0,0.0
True Data,4.0,0.0
True Data,5.0,0.0
True Data,5.0,0.0
True Data,7.0,0.0
True Data,7.0,0.0
True Data,7.0,0.0
True Data,7.0,0.0
True Data,7.0,0.0
True Data,7.0,0.0
True Data,7.0,0.0
True Data,7.0,0.0
True Data,7.0,0.0
True Data,7.0,0.0
True Data,8.0,0.0
True Data,8.0,0.0
True Data,8.0,0.0
True Data,8.0,0.0
True Data,9.0,0.0
True Data,9.0,0.0
True Data,9.0,0.0
True Data,10.0,0.0
True Data,12.0,0.0
True Data,12.0,0.0
True Data,14.0,0.0
True Data,15.0,0.0
True Data,21.0,0.0
True Data,26.0,0.0
True Data,32.0,0.0
True Data,37.0,0.0
True Data,42.0,0.0
True Data,46.0,0.0
True Data,60.0,0.0
True Data,64.0,0.0
True Data,74.0,0.0
True Data,88.0,1.0
True Data,92.0,1.0
True Data,127.0,1.0
True Data,141.0,1.0
True Data,213.0,1.0
True Data,236.0,1.0
True Data,296.0,1.0
True Data,450.0,4.0
True Data,532.0,6.0
True Data,732.0,11.0
True Data,921.0,11.0
True Data,1175.0,15.0
True Data,1653.0,19.0
True Data,2045.0,22.0
True Data,2600.0,29.0
True Data,3185.0,33.0
True Data,3683.0,42.0
True Data,4550.0,57.0
True Data,5249.0,66.0
True Data,6085.0,82.0
True Data,7015.0,96.0
True Data,8121.0,125.0
True Data,9246.0,152.0
True Data,10527.0,175.0
True Data,12219.0,224.0
True Data,13559.0,277.0
True Data,14906.0,360.0
True Data,16475.0,435.0
True Data,17521.0,520.0
True Data,18858.0,581.0
True Data,20122.0,648.0
True Data,21502.0,771.0
True Data,22777.0,867.0
True Data,24084.0,986.0
True Data,25303.0,1095.0
True Data,26937.0,1225.0
True Data,28563.0,1361.0
True Data,30223.0,1515.0
True Data,32790.0,1718.0
True Data,34876.0,1844.0
True Data,36358.0,1987.0
True Data,38026.0,2145.0
True Data,39591.0,2291.0
True Data,41334.0,2484.0
True Data,43641.0,2679.0
True Data,45310.0,2850.0
True Data,47007.0,3030.0
True Data,48570.0,3217.0
True Data,50002.0,3374.0
True Data,51621.0,3559.0
True Data,53297.0,3756.0
True Data,55061.0,4000.0
True Data,56716.0,4179.0
True Data,58549.0,4381.0
True Data,60023.0,4529.0
True Data,61183.0,4669.0
True Data,62743.0,4911.0
True Data,64100.0,5081.0
True Data,65703.0,5240.0
True Data,67146.0,5387.0
True Data,68485.0,5540.0
True Data,69645.0,5704.0
True Data,70736.0,5822.0
True Data,71886.0,5956.0
True Data,73083.0,6107.0
True Data,74307.0,6210.0
True Data,75428.0,6331.0
True Data,76691.0,6452.0
True Data,77871.0,6571.0
True Data,78992.0,6661.0
True Data,80033.0,6753.0
True Data,81183.0,6828.0
True Data,82488.0,6950.0
True Data,83650.0,7046.0
True Data,84814.0,7144.0
True Data,85823.0,7238.0
True Data,86749.0,7326.0
True Data,87697.0,7420.0
True Data,88502.0,7512.0
True Data,89380.0,7606.0
True Data,90219.0,7717.0
True Data,91054.0,7797.0
True Data,91805.0,7857.0
True Data,92488.0,7906.0
True Data,93330.0,7952.0
True Data,93991.0,8008.0
True Data,94658.0,8062.0
True Data,95283.0,8126.0
True Data,95949.0,8166.0
True Data,96497.0,8228.0
True Data,97164.0,8269.0
True Data,97685.0,8313.0
True Data,98174.0,8347.0
True Data,98669.0,8382.0
True Data,99118.0,8413.0
True Data,99548.0,8442.0
True Data,99959.0,8470.0
True Data,100286.0,8489.0
True Data,100655.0,8497.0
True Data,101021.0,8521.0
True Data,101429.0,8542.0
True Data,101830.0,8555.0
True Data,102233.0,8580.0
True Data,102652.0,8609.0
True Data,102957.0,8626.0
True Data,103313.0,8646.0
True Data,103707.0,8670.0
True Data,104063.0,8700.0
True Data,104387.0,8723.0
True Data,104638.0,8730.0
True Data,104975.0,8739.0
True Data,105348.0,8749.0
True Data,105732.0,8768.0
True Data,106029.0,8780.0
True Data,106227.0,8790.0
True Data,106583.0,8806.0
True Data,106903.0,8813.0
True Data,107116.0,8821.0
True Data,107303.0,8823.0
True Data,107718.0,8836.0
True Data,107973.0,8843.0
True Data,108302.0,8855.0
True Data,108617.0,8865.0
True Data,108957.0,8879.0
True Data,109133.0,8882.0
True Data,109292.0,8887.0
True Data,109965.0,8895.0
True Data,110352.0,8900.0
True Data,110713.0,8914.0
True Data,111160.0,8926.0
True Data,111630.0,8936.0
True Data,111976.0,8939.0
True Data,112231.0,8943.0
True Data,112982.0,8947.0
True Data,113487.0,8954.0
True Data,113836.0,8958.0
True Data,114494.0,8966.0
True Data,115208.0,8970.0
True Data,115554.0,8974.0
True Data,115851.0,8978.0
True Data,116477.0,8991.0
True Data,116838.0,9001.0
True Data,117325.0,9006.0
True Data,117740.0,9019.0
True Data,118297.0,9025.0
True Data,118523.0,9029.0
True Data,118719.0,9032.0
True Data,118945.0,9035.0
True Data,119658.0,9043.0
True Data,120002.0,9049.0
True Data,120315.0,9055.0
True Data,120851.0,9060.0
True Data,121084.0,9064.0
True Data,121296.0,9067.0
True Data,121926.0,9074.0
True Data,122271.0,9080.0
True Data,122580.0,9085.0
True Data,123051.0,9091.0
True Data,123464.0,9095.0
True Data,123670.0,9101.0
True Data,123826.0,9106.0
True Data,124035.0,9108.0
True Data,124936.0,9118.0
True Data,125269.0,9124.0
True Data,125505.0,9127.0
True Data,126212.0,9141.0
True Data,126421.0,9142.0
True Data,126680.0,9146.0
True Data,127433.0,9154.0
True Data,127778.0,9159.0
True Data,128239.0,9164.0
True Data,128706.0,9168.0
True Data,129253.0,9181.0
True Data,129582.0,9184.0
True Data,129829.0,9185.0
True Data,130849.0,9193.0
True Data,131385.0,9197.0
True Data,131956.0,9199.0
True Data,132582.0,9205.0
True Data,133197.0,9206.0
True Data,133587.0,9207.0
True Data,133955.0,9209.0
True Data,134335.0,9212.0
True Data,135826.0,9219.0
True Data,136276.0,9223.0
True Data,137169.0,9231.0
True Data,137976.0,9231.0
True Data,138515.0,9233.0
True Data,139028.0,9236.0
True Data,140487.0,9249.0
True Data,141318.0,9257.0
True Data,142270.0,9262.0
True Data,143149.0,9267.0
True Data,144513.0,9279.0
True Data,145137.0,9286.0
True Data,146321.0,9288.0
True Data,148046.0,9300.0
True Data,149351.0,9309.0
True Data,150652.0,9317.0
True Data,151944.0,9325.0
True Data,153680.0,9332.0
True Data,154948.0,9338.0
True Data,156560.0,9343.0
True Data,158510.0,9360.0
True Data,160441.0,9373.0
True Data,162736.0,9391.0
True Data,164583.0,9407.0
True Data,166824.0,9505.0
True Data,168178.0,9526.0
True Data,170289.0,9570.0
True Data,172826.0,9599.0
True Data,174835.0,9617.0
True Data,176535.0,9636.0
True Data,178904.0,9654.0
True Data,181837.0,9668.0
True Data,183792.0,9694.0
True Data,185566.0,9708.0
True Data,186494.0,9720.0
True Data,190739.0,9752.0
True Data,193208.0,9777.0
True Data,195684.0,9796.0
True Data,198329.0,9828.0
True Data,199523.0,9836.0
True Data,201861.0,9860.0
True Data,204976.0,9891.0
True Data,207465.0,9909.0
True Data,210061.0,9946.0
True Data,212541.0,9977.0
True Data,215574.0,10004.0
True Data,216935.0,10026.0
True Data,219704.0,10057.0
True Data,223984.0,10095.0
True Data,226721.0,10120.0
True Data,229446.0,10158.0
True Data,232497.0,10192.0
True Data,235898.0,10237.0
True Data,238191.0,10276.0
True Data,240586.0,10313.0
True Data,243974.0,10345.0
True Data,248905.0,10403.0
True Data,251822.0,10444.0
True Data,254739.0,10484.0
True Data,260195.0,10546.0
True Data,264545.0,10593.0
True Data,268395.0,10641.0
True Data,273304.0,10702.0
True Data,277892.0,10769.0
True Data,281888.0,10832.0
True Data,287329.0,10905.0
True Data,292173.0,10951.0
True Data,296394.0,11013.0
True Data,300597.0,11078.0
True Data,306437.0,11152.0
True Data,311043.0,11220.0
True Data,315586.0,11324.0
True Data,320481.0,11394.0
True Data,325356.0,11461.0
True Data,330240.0,11527.0
True Data,335038.0,11583.0
True Data,341746.0,11662.0
True Data,347135.0,11762.0
True Data,352376.0,11820.0
True Data,357926.0,11902.0
True Data,363884.0,11988.0
True Data,369510.0,12056.0
True Data,374880.0,12130.0
True Data,382708.0,12239.0
True Data,388543.0,12317.0
True Data,395028.0,12423.0
True Data,401325.0,12513.0
True Data,408165.0,12616.0
True Data,414131.0,12690.0
True Data,420281.0,12775.0
True Data,428054.0,12896.0
True Data,434320.0,12993.0
True Data,440737.0,13109.0
True Data,447341.0,13227.0
True Data,454254.0,13355.0
True Data,460332.0,13453.0
True Data,466016.0,13537.0
True Data,474661.0,13677.0
True Data,480952.0,13793.0
True Data,487685.0,13911.0
True Data,495152.0,14067.0
True Data,502197.0,14180.0
True Data,508674.0,14284.0
True Data,514500.0,14374.0
True Data,522076.0,14481.0
True Data,528307.0,14607.0
True Data,535204.0,14752.0
True Data,541936.0,14902.0
True Data,545983.0,14966.0
True Data,551184.0,15051.0
True Data,556649.0,15171.0
True Data,563156.0,15328.0
True Data,571823.0,15528.0
True Data,580573.0,15650.0
True Data,587429.0,15762.0
True Data,591149.0,15806.0
True Data,598091.0,15914.0
True Data,608734.0,16006.0
True Data,618801.0,16247.0
True Data,626129.0,16389.0
True Data,634437.0,16539.0
True Data,642978.0,16704.0
True Data,652373.0,16846.0
True Data,659647.0,16984.0
True Data,666375.0,17074.0
True Data,674624.0,17199.0
True Data,681015.0,17359.0
True Data,688097.0,17539.0
True Data,695359.0,17686.0
True Data,702203.0,17856.0
True Data,708263.0,17978.0
True Data,714316.0,18106.0
True Data,720440.0,18231.0
True Data,725599.0,18382.0
True Data,731371.0,18567.0
True Data,737654.0,18706.0
True Data,743384.0,18887.0
True Data,748123.0,18992.0
True Data,752510.0,19119.0
True Data,758142.0,19245.0
True Data,762368.0,19392.0
True Data,766633.0,19485.0
True Data,771358.0,19676.0
True Data,776171.0,19825.0
True Data,780147.0,19958.0
True Data,783735.0,20041.0
True Data,788323.0,20145.0
True Data,791385.0,20242.0
True Data,794681.0,20361.0
True Data,798650.0,20486.0
True Data,802904.0,20607.0
True Data,806010.0,20700.0
True Data,808973.0,20760.0
True Data,812700.0,20830.0
True Data,815526.0,20914.0
True Data,818967.0,21007.0
True Data,822038.0,21089.0
True Data,824754.0,21168.0
True Data,828335.0,21238.0
True Data,830352.0,21261.0
True Data,832058.0,21298.0
True Data,836455.0,21395.0
True Data,838998.0,21439.0
True Data,842393.0,21509.0
True Data,845454.0,21581.0
True Data,848060.0,21631.0
True Data,850617.0,21675.0
True Data,853901.0,21720.0
True Data,857206.0,21761.0
True Data,860200.0,21810.0
True Data,863301.0,21868.0
True Data,866528.0,21915.0
True Data,869058.0,21961.0
True Data,871243.0,21990.0
True Data,874909.0,22014.0
True Data,877747.0,22043.0
True Data,880487.0,22105.0
True Data,883619.0,22152.0
True Data,886492.0,22183.0
True Data,889255.0,22212.0
True Data,891807.0,22234.0
True Data,895889.0,22271.0
True Data,898963.0,22302.0
True Data,901948.0,22330.0
True Data,905071.0,22367.0
True Data,908645.0,22397.0
True Data,911560.0,22426.0
True Data,914204.0,22455.0
True Data,917994.0,22484.0
True Data,921011.0,22509.0
True Data,924444.0,22543.0
True Data,928117.0,22577.0
True Data,932391.0,22605.0
True Data,935714.0,22635.0
True Data,938856.0,22656.0
True Data,943715.0,22695.0
True Data,947393.0,22715.0
True Data,951589.0,22739.0
True Data,956755.0,22771.0
True Data,961839.0,22809.0
True Data,966076.0,22830.0
True Data,970166.0,22855.0
True Data,976479.0,22871.0
True Data,980365.0,22892.0
True Data,989493.0,22960.0
True Data,995249.0,22998.0
True Data,998882.0,23011.0
True Data,1005978.0,23038.0
True Data,1009472.0,23060.0
True Data,1017761.0,23083.0
True Data,1028626.0,23132.0
True Data,1036386.0,23160.0
True Data,1044733.0,23196.0
True Data,1053999.0,23236.0
True Data,1061369.0,23270.0
True Data,1069041.0,23294.0
True Data,1079582.0,23336.0
True Data,1087048.0,23370.0
True Data,1096000.0,23428.0
True Data,1105778.0,23482.0
True Data,1115036.0,23531.0
True Data,1122116.0,23572.0
True Data,1130006.0,23611.0
True Data,1140322.0,23649.0
True Data,1147636.0,23698.0
True Data,1155855.0,23761.0
True Data,1164756.0,23810.0
True Data,1173220.0,23870.0
True Data,1180681.0,23912.0
True Data,1187484.0,23950.0
True Data,1196400.0,24011.0
True Data,1203429.0,24048.0
True Data,1211651.0,24110.0
True Data,1220914.0,24165.0
True Data,1229305.0,24220.0
True Data,1235669.0,24245.0
True Data,1241406.0,24269.0
True Data,1252391.0,24334.0
True Data,1259137.0,24400.0
True Data,1266916.0,24437.0
True Data,1275006.0,24479.0
True Data,1282734.0,24523.0
True Data,1288676.0,24554.0
True Data,1294120.0,24577.0
True Data,1302993.0,24660.0
True Data,1308541.0,24693.0
True Data,1315211.0,24755.0
True Data,1321104.0,24802.0
True Data,1327839.0,24857.0
True Data,1332229.0,24884.0
True Data,1336374.0,24904.0
True Data,1342824.0,24964.0
True Data,1346736.0,24999.0
True Data,1351766.0,25050.0
True Data,1356616.0,25093.0
True Data,1360950.0,25148.0
True Data,1364195.0,25180.0
True Data,1367023.0,25206.0
True Data,1368739.0,25231.0
True Data,1372492.0,25269.0
True Data,1374976.0,25303.0
True Data,1379674.0,25393.0
True Data,1382769.0,25424.0
True Data,1384928.0,25451.0
True Data,1386871.0,25473.0
True Data,1389814.0,25528.0
True Data,1391540.0,25546.0
True Data,1393732.0,25590.0
True Data,1395909.0,25627.0
True Data,1397898.0,25668.0
True Data,1399231.0,25686.0
True Data,1400580.0,25694.0
True Data,1402369.0,25741.0
True Data,1403490.0,25774.0
True Data,1404927.0,25816.0
True Data,1406417.0,25849.0
True Data,1407798.0,25863.0
True Data,1408935.0,25883.0
True Data,1409909.0,25895.0
True Data,1411228.0,25921.0
True Data,1412121.0,25943.0
True Data,1413203.0,25992.0
True Data,1414304.0,26004.0
True Data,1415272.0,26016.0
True Data,1416009.0,26042.0
True Data,1416589.0,26055.0
True Data,1417625.0,26103.0
True Data,1418135.0,26121.0
True Data,1418853.0,26144.0
True Data,1419569.0,26162.0
True Data,1420191.0,26174.0
True Data,1420724.0,26184.0
True Data,1421122.0,26187.0
True Data,1422053.0,26215.0
True Data,1422618.0,26246.0
True Data,1423170.0,26273.0
True Data,1423321.0,26273.0
True Data,1424160.0,26306.0
True Data,1424502.0,26312.0
True Data,1424784.0,26316.0
True Data,1425594.0,26336.0
True Data,1425884.0,26345.0
True Data,1426435.0,26356.0
True Data,1427027.0,26375.0
True Data,1427582.0,26383.0
True Data,1427899.0,26389.0
True Data,1428162.0,26396.0
True Data,1428689.0,26405.0
True Data,1429029.0,26414.0
True Data,1429369.0,26427.0
True Data,1429747.0,26436.0
True Data,1430127.0,26450.0
True Data,1430437.0,26452.0
Linear Model,1.0,5050.0377176410275
Linear Model,1.0,5050.0377176410275
Linear Model,2.0,5050.054176242152
Linear Model,2.0,5050.054176242152
Linear Model,2.0,5050.054176242152
Linear Model,4.0,5050.087093444398
Linear Model,4.0,5050.087093444398
Linear Model,4.0,5050.087093444398
Linear Model,4.0,5050.087093444398
Linear Model,4.0,5050.087093444398
Linear Model,5.0,5050.1035520455225
Linear Model,5.0,5050.1035520455225
Linear Model,7.0,5050.13646924777
Linear Model,7.0,5050.13646924777
Linear Model,7.0,5050.13646924777
Linear Model,7.0,5050.13646924777
Linear Model,7.0,5050.13646924777
Linear Model,7.0,5050.13646924777
Linear Model,7.0,5050.13646924777
Linear Model,7.0,5050.13646924777
Linear Model,7.0,5050.13646924777
Linear Model,7.0,5050.13646924777
Linear Model,8.0,5050.152927848893
Linear Model,8.0,5050.152927848893
Linear Model,8.0,5050.152927848893
Linear Model,8.0,5050.152927848893
Linear Model,9.0,5050.169386450017
Linear Model,9.0,5050.169386450017
Linear Model,9.0,5050.169386450017
Linear Model,10.0,5050.185845051141
Linear Model,12.0,5050.2187622533875
Linear Model,12.0,5050.2187622533875
Linear Model,14.0,5050.251679455635
Linear Model,15.0,5050.268138056759
Linear Model,21.0,5050.366889663501
Linear Model,26.0,5050.449182669119
Linear Model,32.0,5050.547934275861
Linear Model,37.0,5050.630227281479
Linear Model,42.0,5050.712520287097
Linear Model,46.0,5050.778354691592
Linear Model,60.0,5051.008775107322
Linear Model,64.0,5051.0746095118175
Linear Model,74.0,5051.239195523053
Linear Model,88.0,5051.469615938784
Linear Model,92.0,5051.535450343279
Linear Model,127.0,5052.111501382607
Linear Model,141.0,5052.341921798337
Linear Model,213.0,5053.526941079239
Linear Model,236.0,5053.905488905083
Linear Model,296.0,5054.893004972501
Linear Model,450.0,5057.427629545542
Linear Model,532.0,5058.77723483768
Linear Model,732.0,5062.068955062407
Linear Model,921.0,5065.179630674776
Linear Model,1175.0,5069.360115360179
Linear Model,1653.0,5077.227326697279
Linear Model,2045.0,5083.679098337745
Linear Model,2600.0,5092.813621961364
Linear Model,3185.0,5102.441903618693
Linear Model,3683.0,5110.638286978266
Linear Model,4550.0,5124.90789415246
Linear Model,5249.0,5136.412456337884
Linear Model,6085.0,5150.171846877245
Linear Model,7015.0,5165.478345922229
Linear Model,8121.0,5183.6815587649735
Linear Model,9246.0,5202.197485029067
Linear Model,10527.0,5223.280953068448
Linear Model,12219.0,5251.128906169644
Linear Model,13559.0,5273.18343167532
Linear Model,14906.0,5295.353167388861
Linear Model,16475.0,5321.176712551851
Linear Model,17521.0,5338.392409327176
Linear Model,18858.0,5360.397559029481
Linear Model,20122.0,5381.201230849761
Linear Model,21502.0,5403.914100400382
Linear Model,22777.0,5424.898816833022
Linear Model,24084.0,5446.410208501617
Linear Model,25303.0,5466.473243271333
Linear Model,26937.0,5493.366597507358
Linear Model,28563.0,5520.1282829343945
Linear Model,30223.0,5547.449560799634
Linear Model,32790.0,5589.698789884014
Linear Model,34876.0,5624.031431827925
Linear Model,36358.0,5648.423078693158
Linear Model,38026.0,5675.876025367386
Linear Model,39591.0,5701.633736125881
Linear Model,41334.0,5730.321077884383
Linear Model,43641.0,5768.291070676617
Linear Model,45310.0,5795.76047595197
Linear Model,47007.0,5823.690722058785
Linear Model,48570.0,5849.415515615032
Linear Model,50002.0,5872.984232424083
Linear Model,51621.0,5899.630707643253
Linear Model,53297.0,5927.215323126472
Linear Model,55061.0,5956.248295508571
Linear Model,56716.0,5983.487280368192
Linear Model,58549.0,6013.655896227822
Linear Model,60023.0,6037.9158742840655
Linear Model,61183.0,6057.007851587487
Linear Model,62743.0,6082.683269340362
Linear Model,64100.0,6105.01759106514
Linear Model,65703.0,6131.400728666333
Linear Model,67146.0,6155.1504900877435
Linear Model,68485.0,6177.188556992295
Linear Model,69645.0,6196.280534295716
Linear Model,70736.0,6214.236868121606
Linear Model,71886.0,6233.16425941379
Linear Model,73083.0,6252.865204958785
Linear Model,74307.0,6273.010532734119
Linear Model,75428.0,6291.460624593718
Linear Model,76691.0,6312.2478378128735
Linear Model,77871.0,6331.668987138768
Linear Model,78992.0,6350.119078998367
Linear Model,80033.0,6367.252482768074
Linear Model,81183.0,6386.179874060259
Linear Model,82488.0,6407.658348526607
Linear Model,83650.0,6426.783243032275
Linear Model,84814.0,6445.94105474019
Linear Model,85823.0,6462.547783273942
Linear Model,86749.0,6477.788447914431
Linear Model,87697.0,6493.391201779641
Linear Model,88502.0,6506.64037568417
Linear Model,89380.0,6521.091027470724
Linear Model,90219.0,6534.899793813457
Linear Model,91054.0,6548.642725751695
Linear Model,91805.0,6561.003135195548
Linear Model,92488.0,6572.244359762994
Linear Model,93330.0,6586.102501909097
Linear Model,93991.0,6596.981637251822
Linear Model,94658.0,6607.959524201289
Linear Model,95283.0,6618.2461499035635
Linear Model,95949.0,6629.207578251906
Linear Model,96497.0,6638.22689166766
Linear Model,97164.0,6649.204778617128
Linear Model,97685.0,6657.779709802543
Linear Model,98174.0,6665.8279657520025
Linear Model,98669.0,6673.9749733082035
Linear Model,99118.0,6681.364885212717
Linear Model,99548.0,6688.442083695882
Linear Model,99959.0,6695.206568757698
Linear Model,100286.0,6700.588531325127
Linear Model,100655.0,6706.66175513975
Linear Model,101021.0,6712.6856031510015
Linear Model,101429.0,6719.400712409446
Linear Model,101830.0,6726.0006114600255
Linear Model,102233.0,6732.633427712852
Linear Model,102652.0,6739.529581583656
Linear Model,102957.0,6744.549454926366
Linear Model,103313.0,6750.408716926381
Linear Model,103707.0,6756.893405769095
Linear Model,104063.0,6762.75266776911
Linear Model,104387.0,6768.085254533169
Linear Model,104638.0,6772.216363415202
Linear Model,104975.0,6777.762911993868
Linear Model,105348.0,6783.901970212986
Linear Model,105732.0,6790.222073044463
Linear Model,106029.0,6795.110277578184
Linear Model,106227.0,6798.369080600664
Linear Model,106583.0,6804.22834260068
Linear Model,106903.0,6809.495094960244
Linear Model,107116.0,6813.000776999579
Linear Model,107303.0,6816.0785354097
Linear Model,107718.0,6822.908854876009
Linear Model,107973.0,6827.105798162537
Linear Model,108302.0,6832.520677932214
Linear Model,108617.0,6837.705137286161
Linear Model,108957.0,6843.301061668198
Linear Model,109133.0,6846.197775465958
Linear Model,109292.0,6848.814693044616
Linear Model,109965.0,6859.891331600826
Linear Model,110352.0,6866.2608102356735
Linear Model,110713.0,6872.202365241307
Linear Model,111160.0,6879.559359943573
Linear Model,111630.0,6887.294902471684
Linear Model,111976.0,6892.989578460463
Linear Model,112231.0,6897.18652174699
Linear Model,112982.0,6909.546931190844
Linear Model,113487.0,6917.8585247582805
Linear Model,113836.0,6923.602576550431
Linear Model,114494.0,6934.432336089785
Linear Model,115208.0,6946.183777292063
Linear Model,115554.0,6951.878453280842
Linear Model,115851.0,6956.766657814563
Linear Model,116477.0,6967.06974211796
Linear Model,116838.0,6973.011297123594
Linear Model,117325.0,6981.026635870806
Linear Model,117740.0,6987.856955337116
Linear Model,118297.0,6997.024396162982
Linear Model,118523.0,7000.744040016925
Linear Model,118719.0,7003.969925837158
Linear Model,118945.0,7007.6895696911
Linear Model,119658.0,7019.424552292255
Linear Model,120002.0,7025.086311078787
Linear Model,120315.0,7030.237853230485
Linear Model,120851.0,7039.059663432756
Linear Model,121084.0,7042.894517494563
Linear Model,121296.0,7046.383740932774
Linear Model,121926.0,7056.752659640667
Linear Model,122271.0,7062.430877028322
Linear Model,122580.0,7067.516584775527
Linear Model,123051.0,7075.268585904761
Linear Model,123464.0,7082.065988168823
Linear Model,123670.0,7085.456460000292
Linear Model,123826.0,7088.0240017755805
Linear Model,124035.0,7091.463849410421
Linear Model,124936.0,7106.293049022819
Linear Model,125269.0,7111.77376319699
Linear Model,125505.0,7115.65799306217
Linear Model,126212.0,7127.294224056583
Linear Model,126421.0,7130.734071691422
Linear Model,126680.0,7134.996849382445
Linear Model,127433.0,7147.390176028544
Linear Model,127778.0,7153.068393416201
Linear Model,128239.0,7160.655808534198
Linear Model,128706.0,7168.341975258937
Linear Model,129253.0,7177.344830073567
Linear Model,129582.0,7182.759709843244
Linear Model,129829.0,7186.824984320783
Linear Model,130849.0,7203.612757466894
Linear Model,131385.0,7212.434567669165
Linear Model,131956.0,7221.832428910762
Linear Model,132582.0,7232.13551321416
Linear Model,133197.0,7242.257552905197
Linear Model,133587.0,7248.676407343417
Linear Model,133955.0,7254.7331725569165
Linear Model,134335.0,7260.9874409838985
Linear Model,135826.0,7285.527215259244
Linear Model,136276.0,7292.933585764881
Linear Model,137169.0,7307.631116568291
Linear Model,137976.0,7320.913207675067
Linear Model,138515.0,7329.784393680708
Linear Model,139028.0,7338.227656057135
Linear Model,140487.0,7362.240755096524
Linear Model,141318.0,7375.917852630268
Linear Model,142270.0,7391.586440899971
Linear Model,143149.0,7406.0535512876495
Linear Model,144513.0,7428.503083220292
Linear Model,145137.0,7438.773250321443
Linear Model,146321.0,7458.2602340518315
Linear Model,148046.0,7486.651320990108
Linear Model,149351.0,7508.129795456456
Linear Model,150652.0,7529.5424355183095
Linear Model,151944.0,7550.806948170051
Linear Model,153680.0,7579.3790797206875
Linear Model,154948.0,7600.248585945461
Linear Model,156560.0,7626.779850956767
Linear Model,158510.0,7658.8741231478625
Linear Model,160441.0,7690.6556819176085
Linear Model,162736.0,7728.428171496359
Linear Model,164583.0,7758.827207771719
Linear Model,166824.0,7795.710932889794
Linear Model,168178.0,7817.995878811201
Linear Model,170289.0,7852.7399857832015
Linear Model,172826.0,7894.495456833873
Linear Model,174835.0,7927.560786491264
Linear Model,176535.0,7955.540408401448
Linear Model,178904.0,7994.530834463349
Linear Model,181837.0,8042.80391155898
Linear Model,183792.0,8074.980476755694
Linear Model,185566.0,8104.178035149029
Linear Model,186494.0,8119.451616991766
Linear Model,190739.0,8189.318378761612
Linear Model,193208.0,8229.954664935874
Linear Model,195684.0,8270.706161318005
Linear Model,198329.0,8314.239161290028
Linear Model,199523.0,8333.890731031654
Linear Model,201861.0,8372.37094045872
Linear Model,204976.0,8423.639482958855
Linear Model,207465.0,8464.60494115559
Linear Model,210061.0,8507.331469672557
Linear Model,212541.0,8548.148800459181
Linear Model,215574.0,8598.067737667177
Linear Model,216935.0,8620.467893796449
Linear Model,219704.0,8666.041760307804
Linear Model,223984.0,8736.484573116977
Linear Model,226721.0,8781.531764392377
Linear Model,229446.0,8826.381452454292
Linear Model,232497.0,8876.596644482514
Linear Model,235898.0,8932.572346904008
Linear Model,238191.0,8970.311919280512
Linear Model,240586.0,9009.730268971627
Linear Model,243974.0,9065.492009578513
Linear Model,248905.0,9146.649371719177
Linear Model,251822.0,9194.65911119683
Linear Model,254739.0,9242.668850674483
Linear Model,260195.0,9332.466978405057
Linear Model,264545.0,9404.061893292885
Linear Model,268395.0,9467.427507618893
Linear Model,273304.0,9548.222780534834
Linear Model,277892.0,9623.734842490088
Linear Model,281888.0,9689.503412580149
Linear Model,287329.0,9779.054661293867
Linear Model,292173.0,9858.780125136771
Linear Model,296394.0,9928.25188047965
Linear Model,300597.0,9997.427381002304
Linear Model,306437.0,10093.545611564354
Linear Model,311043.0,10169.353928339831
Linear Model,315586.0,10244.125353244523
Linear Model,320481.0,10324.690205744733
Linear Model,325356.0,10404.925886222472
Linear Model,330240.0,10485.309694110323
Linear Model,335038.0,10564.278062301542
Linear Model,341746.0,10674.68235863891
Linear Model,347135.0,10763.377760094198
Linear Model,352376.0,10849.637288583188
Linear Model,357926.0,10940.982524819381
Linear Model,363884.0,11039.04287031402
Linear Model,369510.0,11131.638960235612
Linear Model,374880.0,11220.02164826955
Linear Model,382708.0,11348.859577865394
Linear Model,388543.0,11444.895515421826
Linear Model,395028.0,11551.629543708623
Linear Model,401325.0,11655.269354984175
Linear Model,408165.0,11767.846186669864
Linear Model,414131.0,11866.038200973491
Linear Model,420281.0,11967.258597883869
Linear Model,428054.0,12095.191304417913
Linear Model,434320.0,12198.320899058632
Linear Model,440737.0,12303.93574246902
Linear Model,447341.0,12412.62834428953
Linear Model,454254.0,12526.406653857244
Linear Model,460332.0,12626.44203148672
Linear Model,466016.0,12719.99272027348
Linear Model,474661.0,12862.277326987336
Linear Model,480952.0,12965.818386656149
Linear Model,487685.0,13076.634148021607
Linear Model,495152.0,13199.530522611816
Linear Model,502197.0,13315.48136752785
Linear Model,508674.0,13422.083727005658
Linear Model,514500.0,13517.971537151976
Linear Model,522076.0,13642.661899264662
Linear Model,528307.0,13745.215442866054
Linear Model,535204.0,13858.73041481579
Linear Model,541936.0,13969.529717580126
Linear Model,545983.0,14036.137676327491
Linear Model,551184.0,14121.738860771535
Linear Model,556649.0,14211.68511591222
Linear Model,563156.0,14318.781233423737
Linear Model,571823.0,14461.427929362313
Linear Model,580573.0,14605.44068919415
Linear Model,587429.0,14718.280858497817
Linear Model,591149.0,14779.506854677753
Linear Model,598091.0,14893.762463678053
Linear Model,608734.0,15068.931355436938
Linear Model,618801.0,15234.620092948608
Linear Model,626129.0,15355.228721982632
Linear Model,634437.0,15491.966780117822
Linear Model,642978.0,15632.539692314818
Linear Model,652373.0,15787.168249871404
Linear Model,659647.0,15906.888114444751
Linear Model,666375.0,16017.621582804592
Linear Model,674624.0,16153.388583473487
Linear Model,681015.0,16258.575503254662
Linear Model,688097.0,16375.13531641227
Linear Model,695359.0,16494.657677772135
Linear Model,702203.0,16607.300343862316
Linear Model,708263.0,16707.039466671566
Linear Model,714316.0,16806.66337927295
Linear Model,720440.0,16907.455852554114
Linear Model,725599.0,16992.365775750965
Linear Model,731371.0,17087.364821436608
Linear Model,737654.0,17190.77421229643
Linear Model,743384.0,17285.08199673488
Linear Model,748123.0,17363.079307459804
Linear Model,752510.0,17435.283190589205
Linear Model,758142.0,17527.978032117535
Linear Model,762368.0,17597.532080466037
Linear Model,766633.0,17667.728014258355
Linear Model,771358.0,17745.494904567546
Linear Model,776171.0,17824.710151775616
Linear Model,780147.0,17890.149549843205
Linear Model,783735.0,17949.20301067482
Linear Model,788323.0,18024.715072630075
Linear Model,791385.0,18075.11130927066
Linear Model,794681.0,18129.358858574167
Linear Model,798650.0,18194.683046433893
Linear Model,802904.0,18264.697935613847
Linear Model,806010.0,18315.81835070387
Linear Model,808973.0,18364.58518583321
Linear Model,812700.0,18425.926392221016
Linear Model,815526.0,18472.438398996415
Linear Model,818967.0,18529.072445462858
Linear Model,822038.0,18579.61680951355
Linear Model,824754.0,18624.318370165354
Linear Model,828335.0,18683.256620789103
Linear Model,830352.0,18716.45361925548
Linear Model,832058.0,18744.531992772412
Linear Model,836455.0,18816.90046191305
Linear Model,838998.0,18858.754684570464
Linear Model,842393.0,18914.631635385216
Linear Model,845454.0,18965.011413424672
Linear Model,848060.0,19007.902527952876
Linear Model,850617.0,19049.98717102602
Linear Model,853901.0,19104.03721711605
Linear Model,857206.0,19158.432893829675
Linear Model,860200.0,19207.709945593848
Linear Model,863301.0,19258.74806767825
Linear Model,866528.0,19311.859973504233
Linear Model,869058.0,19353.50023434704
Linear Model,871243.0,19389.462277802188
Linear Model,874909.0,19449.79950952145
Linear Model,877747.0,19496.509019510333
Linear Model,880487.0,19541.605586589103
Linear Model,883619.0,19593.15392530834
Linear Model,886492.0,19640.439486336552
Linear Model,889255.0,19685.914601241166
Linear Model,891807.0,19727.916951308696
Linear Model,895889.0,19795.100961095384
Linear Model,898963.0,19845.694700949454
Linear Model,901948.0,19894.823625303514
Linear Model,905071.0,19946.223836612637
Linear Model,908645.0,20005.046877028522
Linear Model,911560.0,20053.02369930393
Linear Model,914204.0,20096.54024067483
Linear Model,917994.0,20158.91833893342
Linear Model,921011.0,20208.573938523434
Linear Model,924444.0,20265.076316180886
Linear Model,928117.0,20325.528758108012
Linear Model,932391.0,20395.872819310443
Linear Model,935714.0,20450.564750844293
Linear Model,938856.0,20502.27767557477
Linear Model,943715.0,20582.250018434526
Linear Model,947393.0,20642.78475336727
Linear Model,951589.0,20711.845043682057
Linear Model,956755.0,20796.870177086777
Linear Model,961839.0,20880.545705199354
Linear Model,966076.0,20950.28079816021
Linear Model,970166.0,21017.59647675589
Linear Model,976479.0,21121.499625649423
Linear Model,980365.0,21185.45774961588
Linear Model,989493.0,21335.691860672458
Linear Model,995249.0,21430.42756874012
Linear Model,998882.0,21490.221666622303
Linear Model,1005978.0,21607.01190019564
Linear Model,1009472.0,21664.51825252163
Linear Model,1017761.0,21800.943597235477
Linear Model,1028626.0,21979.766298443807
Linear Model,1036386.0,22107.485043163244
Linear Model,1044733.0,22244.864986742257
Linear Model,1053999.0,22397.370384753893
Linear Model,1061369.0,22518.670275035103
Linear Model,1069041.0,22644.94066285566
Linear Model,1079582.0,22818.43077729994
Linear Model,1087048.0,22941.310693289022
Linear Model,1096000.0,23088.64809054784
Linear Model,1105778.0,23249.580292334773
Linear Model,1115036.0,23401.95402153742
Linear Model,1122116.0,23518.48091749278
Linear Model,1130006.0,23648.33928035829
Linear Model,1140322.0,23818.126209549744
Linear Model,1147636.0,23938.504418168042
Linear Model,1155855.0,24073.77766080322
Linear Model,1164756.0,24220.275669404735
Linear Model,1173220.0,24359.58126931521
Linear Model,1180681.0,24482.37889229868
Linear Model,1187484.0,24594.346755742794
Linear Model,1196400.0,24741.091643361156
Linear Model,1203429.0,24856.77915065921
Linear Model,1211651.0,24992.101769097768
Linear Model,1220914.0,25144.557791306033
Linear Model,1229305.0,25282.66191333448
Linear Model,1235669.0,25387.40445088532
Linear Model,1241406.0,25481.827445531635
Linear Model,1252391.0,25662.625178874805
Linear Model,1259137.0,25773.65490205487
Linear Model,1266916.0,25901.686360195657
Linear Model,1275006.0,26034.836443285894
Linear Model,1282734.0,26162.02851276937
Linear Model,1288676.0,26259.82552064603
Linear Model,1294120.0,26349.426145163117
Linear Model,1302993.0,26495.463312933163
Linear Model,1308541.0,26586.77563196711
Linear Model,1315211.0,26696.554501461782
Linear Model,1321104.0,26793.545037883385
Linear Model,1327839.0,26904.393716451093
Linear Model,1332229.0,26976.64697538386
Linear Model,1336374.0,27044.867877041346
Linear Model,1342824.0,27151.02585428882
Linear Model,1346736.0,27215.411901884487
Linear Model,1351766.0,27298.198665536394
Linear Model,1356616.0,27378.022880986042
Linear Model,1360950.0,27449.35445825589
Linear Model,1364195.0,27502.762618902096
Linear Model,1367023.0,27549.307542879746
Linear Model,1368739.0,27577.55050240791
Linear Model,1372492.0,27639.31963242493
Linear Model,1374976.0,27680.202797616046
Linear Model,1379674.0,27757.5253056949
Linear Model,1382769.0,27808.46467617256
Linear Model,1384928.0,27843.998795998494
Linear Model,1386871.0,27875.97785798173
Linear Model,1389814.0,27924.415521088595
Linear Model,1391540.0,27952.823066627992
Linear Model,1393732.0,27988.90032029101
Linear Model,1395909.0,28024.73069493717
Linear Model,1397898.0,28057.46685257209
Linear Model,1399231.0,28079.4061678699
Linear Model,1400580.0,28101.60882078569
Linear Model,1402369.0,28131.053258195876
Linear Model,1403490.0,28149.50335005548
Linear Model,1404927.0,28173.154359870146
Linear Model,1406417.0,28197.677675544364
Linear Model,1407798.0,28220.407003696113
Linear Model,1408935.0,28239.120433173688
Linear Model,1409909.0,28255.151110668114
Linear Model,1411228.0,28276.86000555019
Linear Model,1412121.0,28291.557536353597
Linear Model,1413203.0,28309.365742769376
Linear Model,1414304.0,28327.486662606505
Linear Model,1415272.0,28343.418588494183
Linear Model,1416009.0,28355.548577522306
Linear Model,1416589.0,28365.09456617402
Linear Model,1417625.0,28382.14567693811
Linear Model,1418135.0,28390.539563511164
Linear Model,1418853.0,28402.356839117936
Linear Model,1419569.0,28414.141197522462
Linear Model,1420191.0,28424.378447421368
Linear Model,1420724.0,28433.150881820264
Linear Model,1421122.0,28439.70140506747
Linear Model,1422053.0,28455.02436271358
Linear Model,1422618.0,28464.323472348435
Linear Model,1423170.0,28473.40862016868
Linear Model,1423321.0,28475.89386893835
Linear Model,1424160.0,28489.702635281086
Linear Model,1424502.0,28495.331476865373
Linear Model,1424784.0,28499.97280238224
Linear Model,1425594.0,28513.304269292385
Linear Model,1425884.0,28518.077263618237
Linear Model,1426435.0,28527.145952837367
Linear Model,1427027.0,28536.88944470256
Linear Model,1427582.0,28546.023968326175
Linear Model,1427899.0,28551.24134488237
Linear Model,1428162.0,28555.569956977888
Linear Model,1428689.0,28564.243639770044
Linear Model,1429029.0,28569.839564152084
Linear Model,1429369.0,28575.435488534116
Linear Model,1429747.0,28581.656839758856
Linear Model,1430127.0,28587.911108185835
Linear Model,1430437.0,28593.01327453417
